{"loss": [1.350155234336853, 0.501903772354126, 0.3324102461338043, 0.26788991689682007, 0.21378614008426666], "accuracy": [0.6058183312416077, 0.8438011407852173, 0.8969628214836121, 0.9172345399856567, 0.936581552028656], "val_loss": [0.5246601700782776, 0.3619435429573059, 0.26844167709350586, 0.2772950828075409, 0.2914712429046631], "val_accuracy": [0.8291600346565247, 0.8832802176475525, 0.9129865765571594, 0.921522855758667, 0.921522855758667]}